period,loss,perplexity
1,8.701663970947266,5745.5908203125
2,677.0806913375854,586.9650268554688
3,624.1875262260437,395.6504821777344
4,582.7797513008118,264.2830505371094
5,552.3501734733582,197.10934448242188
6,519.7605757713318,197.10934448242188
