loss,perplexity
8.701663970947266,5745.5908203125
677.0807023048401,586.9650268554688
624.1875257492065,395.6504821777344
582.779757976532,264.2830505371094
552.3501691818237,197.10934448242188
519.760582447052,197.10934448242188
